{
    "Time": "2025-06-20 01:09:43",
    "Evaluations": {
        "Train": 0.19774027366044059,
        "Test": 0.19777941592362613
    },
    "Parameters": {
        "SVR__C": 2.56,
        "SVR__epsilon": 0.032
    }
}