{
    "Time": "2025-06-15 21:17:28",
    "Evaluations": {
        "Train": 0.20516414241451036,
        "Test": 0.20525212814876181
    },
    "Parameters": {
        "poly__degree": 4
    }
}